category,intent,n_examples,median_instruction_chars,median_response_chars
BILLING,dispute_invoice,1000,54.0,468.0
BILLING,invoices,1000,56.0,328.0
COMPLAINTS,get_compensation,1000,50.0,564.0
COMPLAINTS,report_poor_signal_coverage,1000,62.0,565.0
COMPLAINTS,report_problem,1000,50.0,462.0
CONSUMPTION,check_excess_data_charges,1000,62.0,482.0
CONSUMPTION,check_usage,1000,48.0,399.0
CONSUMPTION,set_usage_limits,1000,54.0,460.0
CONTACT,customer_service,1000,50.0,567.0
CONTACT,human_agent,1000,52.0,410.0
PAYMENT,check_mobile_payments,1000,48.0,366.0
PAYMENT,pay,1000,42.0,473.0
PAYMENT,payment_methods,1000,51.0,407.0
PAYMENT,schedule_payments,1000,48.0,431.0
SERVICES,activate_call_management_services,1000,49.0,427.0
SERVICES,activate_phone,1000,47.0,576.0
SERVICES,activate_roaming,1000,59.0,434.0
SERVICES,check_signal_coverage,1000,62.0,483.0
SERVICES,deactivate_call_management_services,1000,47.0,501.0
SERVICES,deactivate_phone,1000,47.0,416.0
SERVICES,install_internet,1000,55.5,711.0
SUBSCRIPTION,cancel_plan,1000,57.0,350.0
SUBSCRIPTION,change_plan,1000,52.0,447.0
SUBSCRIPTION,change_provider,1000,60.0,1004.0
SUBSCRIPTION,check_cancellation_fee,1000,59.0,402.0
SUBSCRIPTION,sign_up_for_plan,1000,56.0,537.0
