category,intent,intent_group,channel,contacts,resolved_contacts,friction,data_origin
BILLING,dispute_invoice,complaint,app,72,14,0.805556,SYNTHETIC
BILLING,dispute_invoice,complaint,call,172,90,0.476744,SYNTHETIC
BILLING,dispute_invoice,complaint,social,33,8,0.757576,SYNTHETIC
BILLING,dispute_invoice,complaint,ussd,102,10,0.901961,SYNTHETIC
BILLING,dispute_invoice,complaint,web,54,3,0.944444,SYNTHETIC
BILLING,invoices,self_service_candidate,app,78,64,0.179487,SYNTHETIC
BILLING,invoices,self_service_candidate,call,129,110,0.147287,SYNTHETIC
BILLING,invoices,self_service_candidate,social,27,11,0.592593,SYNTHETIC
BILLING,invoices,self_service_candidate,ussd,109,79,0.275229,SYNTHETIC
BILLING,invoices,self_service_candidate,web,40,30,0.250000,SYNTHETIC
COMPLAINTS,get_compensation,complaint,app,40,5,0.875000,SYNTHETIC
COMPLAINTS,get_compensation,complaint,call,100,47,0.530000,SYNTHETIC
COMPLAINTS,get_compensation,complaint,social,24,2,0.916667,SYNTHETIC
COMPLAINTS,get_compensation,complaint,ussd,60,5,0.916667,SYNTHETIC
COMPLAINTS,get_compensation,complaint,web,23,5,0.782609,SYNTHETIC
COMPLAINTS,report_poor_signal_coverage,complaint,app,76,16,0.789474,SYNTHETIC
COMPLAINTS,report_poor_signal_coverage,complaint,call,201,97,0.517413,SYNTHETIC
COMPLAINTS,report_poor_signal_coverage,complaint,social,32,0,1.000000,SYNTHETIC
COMPLAINTS,report_poor_signal_coverage,complaint,ussd,87,13,0.850575,SYNTHETIC
COMPLAINTS,report_poor_signal_coverage,complaint,web,48,8,0.833333,SYNTHETIC
COMPLAINTS,report_problem,complaint,app,95,15,0.842105,SYNTHETIC
COMPLAINTS,report_problem,complaint,call,244,127,0.479508,SYNTHETIC
COMPLAINTS,report_problem,complaint,social,69,6,0.913043,SYNTHETIC
COMPLAINTS,report_problem,complaint,ussd,149,18,0.879195,SYNTHETIC
COMPLAINTS,report_problem,complaint,web,52,7,0.865385,SYNTHETIC
CONSUMPTION,check_excess_data_charges,self_service_candidate,app,38,31,0.184211,SYNTHETIC
CONSUMPTION,check_excess_data_charges,self_service_candidate,call,73,61,0.164384,SYNTHETIC
CONSUMPTION,check_excess_data_charges,self_service_candidate,social,23,7,0.695652,SYNTHETIC
CONSUMPTION,check_excess_data_charges,self_service_candidate,ussd,81,58,0.283951,SYNTHETIC
CONSUMPTION,check_excess_data_charges,self_service_candidate,web,31,22,0.290323,SYNTHETIC
CONSUMPTION,check_usage,self_service_candidate,app,109,97,0.110092,SYNTHETIC
CONSUMPTION,check_usage,self_service_candidate,call,174,151,0.132184,SYNTHETIC
CONSUMPTION,check_usage,self_service_candidate,social,37,13,0.648649,SYNTHETIC
CONSUMPTION,check_usage,self_service_candidate,ussd,163,132,0.190184,SYNTHETIC
CONSUMPTION,check_usage,self_service_candidate,web,69,55,0.202899,SYNTHETIC
CONSUMPTION,set_usage_limits,assisted,app,31,17,0.451613,SYNTHETIC
CONSUMPTION,set_usage_limits,assisted,call,75,53,0.293333,SYNTHETIC
CONSUMPTION,set_usage_limits,assisted,social,14,1,0.928571,SYNTHETIC
CONSUMPTION,set_usage_limits,assisted,ussd,43,16,0.627907,SYNTHETIC
CONSUMPTION,set_usage_limits,assisted,web,27,8,0.703704,SYNTHETIC
CONTACT,customer_service,assisted,app,51,26,0.490196,SYNTHETIC
CONTACT,customer_service,assisted,call,83,54,0.349398,SYNTHETIC
CONTACT,customer_service,assisted,social,30,5,0.833333,SYNTHETIC
CONTACT,customer_service,assisted,ussd,64,18,0.718750,SYNTHETIC
CONTACT,customer_service,assisted,web,27,14,0.481481,SYNTHETIC
CONTACT,human_agent,complaint,app,47,5,0.893617,SYNTHETIC
CONTACT,human_agent,complaint,call,142,61,0.570423,SYNTHETIC
CONTACT,human_agent,complaint,social,26,4,0.846154,SYNTHETIC
CONTACT,human_agent,complaint,ussd,66,7,0.893939,SYNTHETIC
CONTACT,human_agent,complaint,web,42,6,0.857143,SYNTHETIC
PAYMENT,check_mobile_payments,self_service_candidate,app,60,50,0.166667,SYNTHETIC
PAYMENT,check_mobile_payments,self_service_candidate,call,66,55,0.166667,SYNTHETIC
PAYMENT,check_mobile_payments,self_service_candidate,social,27,9,0.666667,SYNTHETIC
PAYMENT,check_mobile_payments,self_service_candidate,ussd,72,59,0.180556,SYNTHETIC
PAYMENT,check_mobile_payments,self_service_candidate,web,26,21,0.192308,SYNTHETIC
PAYMENT,pay,assisted,app,69,36,0.478261,SYNTHETIC
PAYMENT,pay,assisted,call,130,100,0.230769,SYNTHETIC
PAYMENT,pay,assisted,social,21,5,0.761905,SYNTHETIC
PAYMENT,pay,assisted,ussd,87,22,0.747126,SYNTHETIC
PAYMENT,pay,assisted,web,31,22,0.290323,SYNTHETIC
PAYMENT,payment_methods,self_service_candidate,app,24,22,0.083333,SYNTHETIC
PAYMENT,payment_methods,self_service_candidate,call,35,28,0.200000,SYNTHETIC
PAYMENT,payment_methods,self_service_candidate,social,6,2,0.666667,SYNTHETIC
PAYMENT,payment_methods,self_service_candidate,ussd,37,29,0.216216,SYNTHETIC
PAYMENT,payment_methods,self_service_candidate,web,10,6,0.400000,SYNTHETIC
PAYMENT,schedule_payments,assisted,app,39,20,0.487179,SYNTHETIC
PAYMENT,schedule_payments,assisted,call,84,51,0.392857,SYNTHETIC
PAYMENT,schedule_payments,assisted,social,18,3,0.833333,SYNTHETIC
PAYMENT,schedule_payments,assisted,ussd,62,23,0.629032,SYNTHETIC
PAYMENT,schedule_payments,assisted,web,30,12,0.600000,SYNTHETIC
SERVICES,activate_call_management_services,assisted,app,28,17,0.392857,SYNTHETIC
SERVICES,activate_call_management_services,assisted,call,45,36,0.200000,SYNTHETIC
SERVICES,activate_call_management_services,assisted,social,13,2,0.846154,SYNTHETIC
SERVICES,activate_call_management_services,assisted,ussd,31,13,0.580645,SYNTHETIC
SERVICES,activate_call_management_services,assisted,web,13,4,0.692308,SYNTHETIC
SERVICES,activate_phone,assisted,app,40,15,0.625000,SYNTHETIC
SERVICES,activate_phone,assisted,call,73,49,0.328767,SYNTHETIC
SERVICES,activate_phone,assisted,social,17,3,0.823529,SYNTHETIC
SERVICES,activate_phone,assisted,ussd,39,12,0.692308,SYNTHETIC
SERVICES,activate_phone,assisted,web,22,11,0.500000,SYNTHETIC
SERVICES,activate_roaming,assisted,app,32,15,0.531250,SYNTHETIC
SERVICES,activate_roaming,assisted,call,88,62,0.295455,SYNTHETIC
SERVICES,activate_roaming,assisted,social,14,2,0.857143,SYNTHETIC
SERVICES,activate_roaming,assisted,ussd,39,17,0.564103,SYNTHETIC
SERVICES,activate_roaming,assisted,web,21,5,0.761905,SYNTHETIC
SERVICES,check_signal_coverage,self_service_candidate,app,29,24,0.172414,SYNTHETIC
SERVICES,check_signal_coverage,self_service_candidate,call,55,49,0.109091,SYNTHETIC
SERVICES,check_signal_coverage,self_service_candidate,social,15,4,0.733333,SYNTHETIC
SERVICES,check_signal_coverage,self_service_candidate,ussd,47,38,0.191489,SYNTHETIC
SERVICES,check_signal_coverage,self_service_candidate,web,25,17,0.320000,SYNTHETIC
SERVICES,deactivate_call_management_services,assisted,app,11,5,0.545455,SYNTHETIC
SERVICES,deactivate_call_management_services,assisted,call,24,17,0.291667,SYNTHETIC
SERVICES,deactivate_call_management_services,assisted,social,3,2,0.333333,SYNTHETIC
SERVICES,deactivate_call_management_services,assisted,ussd,18,6,0.666667,SYNTHETIC
SERVICES,deactivate_call_management_services,assisted,web,8,4,0.500000,SYNTHETIC
SERVICES,deactivate_phone,assisted,app,31,20,0.354839,SYNTHETIC
SERVICES,deactivate_phone,assisted,call,39,28,0.282051,SYNTHETIC
SERVICES,deactivate_phone,assisted,social,8,1,0.875000,SYNTHETIC
SERVICES,deactivate_phone,assisted,ussd,28,10,0.642857,SYNTHETIC
SERVICES,deactivate_phone,assisted,web,9,4,0.555556,SYNTHETIC
SERVICES,install_internet,assisted,app,20,6,0.700000,SYNTHETIC
SERVICES,install_internet,assisted,call,60,29,0.516667,SYNTHETIC
SERVICES,install_internet,assisted,social,11,2,0.818182,SYNTHETIC
SERVICES,install_internet,assisted,ussd,33,9,0.727273,SYNTHETIC
SERVICES,install_internet,assisted,web,20,11,0.450000,SYNTHETIC
SUBSCRIPTION,cancel_plan,assisted,app,34,18,0.470588,SYNTHETIC
SUBSCRIPTION,cancel_plan,assisted,call,71,55,0.225352,SYNTHETIC
SUBSCRIPTION,cancel_plan,assisted,social,16,4,0.750000,SYNTHETIC
SUBSCRIPTION,cancel_plan,assisted,ussd,51,26,0.490196,SYNTHETIC
SUBSCRIPTION,cancel_plan,assisted,web,22,10,0.545455,SYNTHETIC
SUBSCRIPTION,change_plan,assisted,app,39,16,0.589744,SYNTHETIC
SUBSCRIPTION,change_plan,assisted,call,106,67,0.367925,SYNTHETIC
SUBSCRIPTION,change_plan,assisted,social,28,4,0.857143,SYNTHETIC
SUBSCRIPTION,change_plan,assisted,ussd,65,30,0.538462,SYNTHETIC
SUBSCRIPTION,change_plan,assisted,web,32,13,0.593750,SYNTHETIC
SUBSCRIPTION,change_provider,assisted,app,12,5,0.583333,SYNTHETIC
SUBSCRIPTION,change_provider,assisted,call,17,14,0.176471,SYNTHETIC
SUBSCRIPTION,change_provider,assisted,social,2,0,1.000000,SYNTHETIC
SUBSCRIPTION,change_provider,assisted,ussd,21,12,0.428571,SYNTHETIC
SUBSCRIPTION,change_provider,assisted,web,6,3,0.500000,SYNTHETIC
SUBSCRIPTION,check_cancellation_fee,self_service_candidate,app,13,12,0.076923,SYNTHETIC
SUBSCRIPTION,check_cancellation_fee,self_service_candidate,call,22,19,0.136364,SYNTHETIC
SUBSCRIPTION,check_cancellation_fee,self_service_candidate,social,4,2,0.500000,SYNTHETIC
SUBSCRIPTION,check_cancellation_fee,self_service_candidate,ussd,31,25,0.193548,SYNTHETIC
SUBSCRIPTION,check_cancellation_fee,self_service_candidate,web,11,9,0.181818,SYNTHETIC
SUBSCRIPTION,sign_up_for_plan,assisted,app,27,11,0.592593,SYNTHETIC
SUBSCRIPTION,sign_up_for_plan,assisted,call,64,46,0.281250,SYNTHETIC
SUBSCRIPTION,sign_up_for_plan,assisted,social,8,0,1.000000,SYNTHETIC
SUBSCRIPTION,sign_up_for_plan,assisted,ussd,26,12,0.538462,SYNTHETIC
SUBSCRIPTION,sign_up_for_plan,assisted,web,23,7,0.695652,SYNTHETIC
