from_activity,to_activity,n,data_origin
app,abandoned,99,SYNTHETIC
app,app,72,SYNTHETIC
app,call,257,SYNTHETIC
app,resolved,582,SYNTHETIC
app,social,62,SYNTHETIC
app,ussd,42,SYNTHETIC
app,web,31,SYNTHETIC
call,abandoned,274,SYNTHETIC
call,app,39,SYNTHETIC
call,call,382,SYNTHETIC
call,resolved,1556,SYNTHETIC
call,social,37,SYNTHETIC
call,ussd,43,SYNTHETIC
call,web,41,SYNTHETIC
social,abandoned,92,SYNTHETIC
social,app,28,SYNTHETIC
social,call,223,SYNTHETIC
social,resolved,102,SYNTHETIC
social,social,43,SYNTHETIC
social,ussd,18,SYNTHETIC
social,web,20,SYNTHETIC
ussd,abandoned,185,SYNTHETIC
ussd,app,78,SYNTHETIC
ussd,call,385,SYNTHETIC
ussd,resolved,699,SYNTHETIC
ussd,social,44,SYNTHETIC
ussd,ussd,180,SYNTHETIC
ussd,web,40,SYNTHETIC
web,abandoned,94,SYNTHETIC
web,app,55,SYNTHETIC
web,call,160,SYNTHETIC
web,resolved,317,SYNTHETIC
web,social,15,SYNTHETIC
web,ussd,39,SYNTHETIC
web,web,42,SYNTHETIC
